date,ref_1,ref_1_count,ref_1_uniques,ref_2,ref_2_count,ref_2_uniques,ref_3,ref_3_count,ref_3_uniques,ref_4,ref_4_count,ref_4_uniques,ref_5,ref_5_count,ref_5_uniques,ref_6,ref_6_count,ref_6_uniques,ref_7,ref_7_count,ref_7_uniques,ref_8,ref_8_count,ref_8_uniques,ref_9,ref_9_count,ref_9_uniques,ref_10,ref_10_count,ref_10_uniques
2024-07-26,piebro.github.io,6,5,github.com,2,2,t.co,1,1,Google,1,1,gigazine.net,1,1,,,,,,,,,,,,,,,
2024-07-27,forums.factorio.com,7,1,piebro.github.io,6,5,github.com,2,2,t.co,1,1,Google,1,1,gigazine.net,1,1,,,,,,,,,,,,
2024-07-28,forums.factorio.com,7,1,piebro.github.io,6,5,github.com,2,2,Google,1,1,gigazine.net,1,1,t.co,1,1,yandex.ru,1,1,,,,,,,,,
2024-07-29,forums.factorio.com,7,1,piebro.github.io,6,6,gigazine.net,4,1,github.com,2,2,Google,1,1,t.co,1,1,yandex.ru,1,1,,,,,,,,,
2024-07-30,piebro.github.io,7,7,forums.factorio.com,7,1,gigazine.net,4,1,github.com,2,2,yandex.ru,1,1,Google,1,1,huggingface.co,1,1,t.co,1,1,,,,,,
2024-07-31,piebro.github.io,8,7,forums.factorio.com,7,1,gigazine.net,4,1,github.com,2,2,yandex.ru,1,1,Google,1,1,huggingface.co,1,1,t.co,1,1,,,,,,
2024-08-01,piebro.github.io,8,7,forums.factorio.com,7,1,gigazine.net,4,1,github.com,2,2,yandex.ru,1,1,Google,1,1,huggingface.co,1,1,t.co,1,1,,,,,,
2024-08-02,piebro.github.io,10,8,forums.factorio.com,7,1,gigazine.net,4,1,github.com,2,2,yandex.ru,1,1,Google,1,1,huggingface.co,1,1,t.co,1,1,,,,,,
2024-08-03,piebro.github.io,11,9,forums.factorio.com,10,2,gigazine.net,4,1,github.com,2,2,yandex.ru,1,1,Google,1,1,huggingface.co,1,1,t.co,1,1,,,,,,
2024-08-04,piebro.github.io,11,9,forums.factorio.com,11,3,gigazine.net,4,1,github.com,2,2,yandex.ru,1,1,Google,1,1,huggingface.co,1,1,t.co,1,1,,,,,,
2024-08-05,forums.factorio.com,11,3,piebro.github.io,10,8,DuckDuckGo,9,1,gigazine.net,4,1,github.com,2,2,yandex.ru,1,1,Google,1,1,huggingface.co,1,1,t.co,1,1,,,
2024-08-06,piebro.github.io,11,9,forums.factorio.com,11,3,DuckDuckGo,9,1,gigazine.net,4,1,github.com,2,2,yandex.ru,1,1,Google,1,1,huggingface.co,1,1,t.co,1,1,,,
2024-08-07,piebro.github.io,11,9,forums.factorio.com,11,3,DuckDuckGo,9,1,gigazine.net,4,1,github.com,2,2,yandex.ru,1,1,huggingface.co,1,1,Google,1,1,,,,,,
2024-08-08,piebro.github.io,13,11,forums.factorio.com,11,3,DuckDuckGo,9,1,gigazine.net,4,1,github.com,2,2,huggingface.co,1,1,yandex.ru,1,1,,,,,,,,,
2024-08-09,piebro.github.io,13,11,DuckDuckGo,9,1,forums.factorio.com,4,2,gigazine.net,4,1,github.com,2,2,huggingface.co,1,1,yandex.ru,1,1,,,,,,,,,
2024-08-10,piebro.github.io,13,11,DuckDuckGo,9,1,forums.factorio.com,4,2,gigazine.net,4,1,github.com,2,2,huggingface.co,1,1,,,,,,,,,,,,
2024-08-11,piebro.github.io,11,9,DuckDuckGo,9,1,forums.factorio.com,4,2,github.com,2,2,huggingface.co,1,1,,,,,,,,,,,,,,,
2024-08-12,piebro.github.io,11,9,DuckDuckGo,9,1,forums.factorio.com,4,2,github.com,2,2,,,,,,,,,,,,,,,,,,
2024-08-13,piebro.github.io,9,8,DuckDuckGo,9,1,forums.factorio.com,7,3,github.com,2,2,,,,,,,,,,,,,,,,,,
2024-08-14,piebro.github.io,11,10,DuckDuckGo,9,1,forums.factorio.com,7,3,github.com,1,1,,,,,,,,,,,,,,,,,,
2024-08-15,piebro.github.io,9,9,DuckDuckGo,9,1,forums.factorio.com,7,3,,,,,,,,,,,,,,,,,,,,,
2024-08-16,DuckDuckGo,9,1,piebro.github.io,8,8,forums.factorio.com,4,2,,,,,,,,,,,,,,,,,,,,,
2024-08-17,piebro.github.io,9,9,DuckDuckGo,9,1,forums.factorio.com,6,2,gigazine.net,1,1,,,,,,,,,,,,,,,,,,
2024-08-18,piebro.github.io,9,9,forums.factorio.com,6,2,gigazine.net,1,1,,,,,,,,,,,,,,,,,,,,,
2024-08-19,piebro.github.io,8,8,forums.factorio.com,6,2,gigazine.net,1,1,,,,,,,,,,,,,,,,,,,,,
2024-08-20,piebro.github.io,9,9,forums.factorio.com,6,2,gigazine.net,1,1,,,,,,,,,,,,,,,,,,,,,
2024-08-21,piebro.github.io,7,7,forums.factorio.com,6,2,gigazine.net,1,1,,,,,,,,,,,,,,,,,,,,,
2024-08-22,piebro.github.io,7,7,forums.factorio.com,6,2,gigazine.net,2,2,,,,,,,,,,,,,,,,,,,,,
2024-08-23,piebro.github.io,7,7,forums.factorio.com,6,2,gigazine.net,2,2,,,,,,,,,,,,,,,,,,,,,
2024-08-24,piebro.github.io,7,7,forums.factorio.com,6,2,gigazine.net,2,2,,,,,,,,,,,,,,,,,,,,,
2024-08-25,piebro.github.io,6,6,forums.factorio.com,6,2,gigazine.net,2,2,,,,,,,,,,,,,,,,,,,,,
2024-08-26,piebro.github.io,6,6,forums.factorio.com,3,1,gigazine.net,2,2,,,,,,,,,,,,,,,,,,,,,
2024-08-27,reddit.com,57,3,piebro.github.io,4,4,forums.factorio.com,3,1,gigazine.net,2,2,Google,1,1,,,,,,,,,,,,,,,
2024-08-28,reddit.com,74,3,piebro.github.io,5,5,Google,4,3,forums.factorio.com,4,2,gigazine.net,2,2,,,,,,,,,,,,,,,
2024-08-29,reddit.com,75,4,piebro.github.io,8,8,forums.factorio.com,6,3,Google,4,3,gigazine.net,2,2,,,,,,,,,,,,,,,
2024-08-30,reddit.com,75,4,piebro.github.io,7,7,Google,5,4,forums.factorio.com,3,2,github.com,2,1,gigazine.net,1,1,,,,,,,,,,,,
2024-08-31,reddit.com,75,4,piebro.github.io,8,7,Google,5,4,forums.factorio.com,3,2,github.com,2,1,gigazine.net,1,1,,,,,,,,,,,,
2024-09-01,reddit.com,75,4,piebro.github.io,11,10,Google,5,4,forums.factorio.com,4,3,github.com,2,1,gigazine.net,1,1,,,,,,,,,,,,
2024-09-02,reddit.com,75,4,forums.factorio.com,27,4,piebro.github.io,12,9,Google,5,4,github.com,2,1,gigazine.net,1,1,,,,,,,,,,,,
2024-09-03,reddit.com,75,4,forums.factorio.com,27,4,piebro.github.io,12,9,Google,5,4,github.com,2,1,gigazine.net,1,1,,,,,,,,,,,,
2024-09-04,reddit.com,75,4,forums.factorio.com,27,4,piebro.github.io,13,10,Google,5,4,github.com,3,2,,,,,,,,,,,,,,,
2024-09-05,reddit.com,75,4,forums.factorio.com,27,4,piebro.github.io,13,10,Google,5,4,github.com,3,2,,,,,,,,,,,,,,,
2024-09-06,reddit.com,75,4,forums.factorio.com,27,4,Google,14,5,piebro.github.io,13,10,github.com,3,2,,,,,,,,,,,,,,,
2024-09-07,reddit.com,75,4,forums.factorio.com,27,4,Google,14,5,piebro.github.io,13,10,github.com,3,2,,,,,,,,,,,,,,,
2024-09-08,reddit.com,75,4,forums.factorio.com,27,4,Google,14,5,piebro.github.io,13,10,github.com,3,2,search.brave.com,1,1,,,,,,,,,,,,
2024-09-09,forums.factorio.com,28,5,reddit.com,18,2,piebro.github.io,13,10,Google,13,4,github.com,4,3,DuckDuckGo,1,1,search.brave.com,1,1,,,,,,,,,
2024-09-10,forums.factorio.com,29,6,piebro.github.io,11,9,Google,10,2,github.com,4,3,reddit.com,1,1,DuckDuckGo,1,1,search.brave.com,1,1,,,,,,,,,
2024-09-11,forums.factorio.com,27,5,Google,10,2,piebro.github.io,8,6,github.com,4,3,DuckDuckGo,1,1,search.brave.com,1,1,,,,,,,,,,,,
2024-09-12,forums.factorio.com,27,5,Google,9,1,piebro.github.io,8,6,github.com,2,2,huggingface.co,1,1,Bing,1,1,DuckDuckGo,1,1,search.brave.com,1,1,,,,,,
2024-09-13,forums.factorio.com,28,5,piebro.github.io,12,6,Google,9,1,github.com,2,2,huggingface.co,1,1,Bing,1,1,DuckDuckGo,1,1,search.brave.com,1,1,,,,,,
2024-09-14,forums.factorio.com,27,4,piebro.github.io,9,3,Google,9,1,github.com,2,2,huggingface.co,1,1,Bing,1,1,DuckDuckGo,1,1,Baidu,1,1,search.brave.com,1,1,,,
2024-09-15,Google,9,1,piebro.github.io,7,3,forums.factorio.com,4,4,github.com,2,2,huggingface.co,1,1,Bing,1,1,DuckDuckGo,1,1,Baidu,1,1,search.brave.com,1,1,,,
2024-09-16,Google,9,1,piebro.github.io,7,3,forums.factorio.com,4,4,github.com,2,2,huggingface.co,1,1,Bing,1,1,DuckDuckGo,1,1,Baidu,1,1,search.brave.com,1,1,,,
2024-09-17,Google,12,2,piebro.github.io,6,2,forums.factorio.com,4,4,Bing,1,1,DuckDuckGo,1,1,Baidu,1,1,search.brave.com,1,1,huggingface.co,1,1,github.com,1,1,,,
2024-09-18,Google,12,2,piebro.github.io,6,2,forums.factorio.com,4,4,Bing,1,1,DuckDuckGo,1,1,Baidu,1,1,search.brave.com,1,1,huggingface.co,1,1,github.com,1,1,,,
2024-09-19,piebro.github.io,6,2,forums.factorio.com,4,4,Google,4,2,Bing,1,1,DuckDuckGo,1,1,Baidu,1,1,search.brave.com,1,1,huggingface.co,1,1,github.com,1,1,,,
2024-09-20,piebro.github.io,6,2,forums.factorio.com,4,4,Google,4,2,Bing,1,1,DuckDuckGo,1,1,Baidu,1,1,search.brave.com,1,1,huggingface.co,1,1,github.com,1,1,,,
2024-09-21,piebro.github.io,6,2,forums.factorio.com,4,4,Google,4,2,Bing,1,1,DuckDuckGo,1,1,Baidu,1,1,huggingface.co,1,1,github.com,1,1,,,,,,
2024-09-22,piebro.github.io,6,2,Google,4,2,forums.factorio.com,3,3,huggingface.co,1,1,Bing,1,1,Baidu,1,1,,,,,,,,,,,,
2024-09-23,piebro.github.io,30,4,Google,4,2,github.com,1,1,Bing,1,1,Baidu,1,1,huggingface.co,1,1,forums.factorio.com,1,1,,,,,,,,,
2024-09-24,piebro.github.io,30,4,Google,4,2,github.com,1,1,Bing,1,1,Baidu,1,1,huggingface.co,1,1,forums.factorio.com,1,1,,,,,,,,,
2024-09-25,piebro.github.io,29,3,Google,4,2,forums.factorio.com,1,1,github.com,1,1,Baidu,1,1,,,,,,,,,,,,,,,
2024-09-26,piebro.github.io,24,2,Google,7,3,github.com,1,1,DuckDuckGo,1,1,Baidu,1,1,,,,,,,,,,,,,,,
2024-09-27,piebro.github.io,25,3,Google,7,3,github.com,1,1,DuckDuckGo,1,1,,,,,,,,,,,,,,,,,,
2024-09-28,piebro.github.io,25,3,Google,7,3,github.com,1,1,DuckDuckGo,1,1,,,,,,,,,,,,,,,,,,
2024-09-29,piebro.github.io,26,4,Google,7,3,github.com,1,1,DuckDuckGo,1,1,,,,,,,,,,,,,,,,,,
2024-09-30,piebro.github.io,26,4,Google,4,2,t.co,1,1,github.com,1,1,Bing,1,1,DuckDuckGo,1,1,,,,,,,,,,,,
2024-10-01,piebro.github.io,26,4,Google,4,2,t.co,1,1,github.com,1,1,Bing,1,1,DuckDuckGo,1,1,,,,,,,,,,,,
2024-10-02,piebro.github.io,26,4,Google,3,1,t.co,1,1,github.com,1,1,Bing,1,1,DuckDuckGo,1,1,,,,,,,,,,,,
2024-10-03,piebro.github.io,26,4,Google,5,2,github.com,2,2,t.co,1,1,Bing,1,1,DuckDuckGo,1,1,,,,,,,,,,,,
2024-10-04,piebro.github.io,26,4,Google,5,2,github.com,2,2,reddit.com,2,1,DuckDuckGo,1,1,forums.factorio.com,1,1,Bing,1,1,t.co,1,1,,,,,,
2024-10-05,piebro.github.io,26,4,Google,5,2,github.com,2,2,reddit.com,2,1,forums.factorio.com,2,1,DuckDuckGo,1,1,Bing,1,1,t.co,1,1,,,,,,
2024-10-06,Google,5,2,piebro.github.io,3,3,forums.factorio.com,3,1,reddit.com,2,1,DuckDuckGo,1,1,github.com,1,1,Bing,1,1,t.co,1,1,,,,,,
2024-10-07,Google,5,2,piebro.github.io,3,3,forums.factorio.com,3,1,reddit.com,2,1,DuckDuckGo,1,1,github.com,1,1,Bing,1,1,t.co,1,1,,,,,,
2024-10-08,Google,5,2,piebro.github.io,4,4,forums.factorio.com,4,2,reddit.com,2,1,t.co,1,1,DuckDuckGo,1,1,gigazine.net,1,1,github.com,1,1,Bing,1,1,,,
2024-10-09,piebro.github.io,5,5,forums.factorio.com,5,2,reddit.com,2,1,Google,2,1,gigazine.net,1,1,github.com,1,1,Bing,1,1,t.co,1,1,,,,,,
2024-10-10,forums.factorio.com,5,2,piebro.github.io,4,4,reddit.com,2,1,Google,2,1,gigazine.net,1,1,github.com,1,1,Bing,1,1,t.co,1,1,,,,,,
2024-10-11,forums.factorio.com,5,2,piebro.github.io,4,4,Google,3,2,reddit.com,2,1,gigazine.net,1,1,github.com,1,1,Bing,1,1,t.co,1,1,,,,,,
2024-10-12,forums.factorio.com,5,2,piebro.github.io,3,3,Google,3,2,reddit.com,2,1,gigazine.net,1,1,github.com,1,1,Bing,1,1,t.co,1,1,,,,,,
2024-10-13,forums.factorio.com,6,3,piebro.github.io,3,3,Google,3,2,reddit.com,2,1,gigazine.net,1,1,github.com,1,1,,,,,,,,,,,,
2024-10-14,forums.factorio.com,6,3,piebro.github.io,3,3,Google,3,2,reddit.com,2,1,gigazine.net,1,1,github.com,1,1,,,,,,,,,,,,
2024-10-15,forums.factorio.com,6,3,piebro.github.io,4,4,Google,3,2,github.com,2,2,reddit.com,2,1,DuckDuckGo,1,1,gigazine.net,1,1,perplexity.ai,1,1,,,,,,
2024-10-16,forums.factorio.com,6,3,piebro.github.io,4,4,reddit.com,2,1,huggingface.co,1,1,github.com,1,1,perplexity.ai,1,1,DuckDuckGo,1,1,Google,1,1,gigazine.net,1,1,,,
2024-10-17,forums.factorio.com,5,3,piebro.github.io,4,4,gigazine.net,1,1,huggingface.co,1,1,github.com,1,1,perplexity.ai,1,1,DuckDuckGo,1,1,Google,1,1,,,,,,
2024-10-18,piebro.github.io,4,4,forums.factorio.com,4,3,gigazine.net,1,1,huggingface.co,1,1,github.com,1,1,perplexity.ai,1,1,DuckDuckGo,1,1,Google,1,1,,,,,,
2024-10-19,github.com,8,3,piebro.github.io,5,5,forums.factorio.com,3,2,huggingface.co,1,1,perplexity.ai,1,1,DuckDuckGo,1,1,Google,1,1,gigazine.net,1,1,,,,,,
2024-10-20,github.com,8,3,piebro.github.io,5,5,forums.factorio.com,3,2,gigazine.net,1,1,huggingface.co,1,1,perplexity.ai,1,1,DuckDuckGo,1,1,Google,1,1,gitcode.com,1,1,,,
2024-10-21,github.com,8,3,piebro.github.io,4,4,forums.factorio.com,2,2,huggingface.co,1,1,perplexity.ai,1,1,DuckDuckGo,1,1,Google,1,1,gitcode.com,1,1,,,,,,
2024-10-22,github.com,9,4,piebro.github.io,4,4,forums.factorio.com,3,2,huggingface.co,1,1,perplexity.ai,1,1,DuckDuckGo,1,1,Google,1,1,gitcode.com,1,1,,,,,,
2024-10-23,github.com,9,4,piebro.github.io,6,6,forums.factorio.com,4,3,huggingface.co,1,1,perplexity.ai,1,1,DuckDuckGo,1,1,Google,1,1,gitcode.com,1,1,,,,,,
2024-10-24,github.com,12,5,piebro.github.io,8,8,forums.factorio.com,8,6,Google,4,1,perplexity.ai,1,1,news.ycombinator.com,1,1,gitcode.com,1,1,huggingface.co,1,1,DuckDuckGo,1,1,,,
2024-10-25,piebro.github.io,13,9,github.com,12,5,forums.factorio.com,9,7,Google,4,1,gitcode.com,2,2,news.ycombinator.com,1,1,huggingface.co,1,1,DuckDuckGo,1,1,perplexity.ai,1,1,,,
2024-10-26,piebro.github.io,13,9,github.com,12,5,forums.factorio.com,9,7,Google,4,1,gitcode.com,2,2,news.ycombinator.com,1,1,huggingface.co,1,1,DuckDuckGo,1,1,perplexity.ai,1,1,,,
2024-10-27,piebro.github.io,14,10,github.com,12,5,forums.factorio.com,11,9,Google,4,1,gitcode.com,2,2,news.ycombinator.com,1,1,huggingface.co,1,1,Bing,1,1,DuckDuckGo,1,1,perplexity.ai,1,1
2024-10-28,piebro.github.io,15,11,forums.factorio.com,11,9,github.com,11,4,Google,4,1,gitcode.com,2,2,news.ycombinator.com,1,1,huggingface.co,1,1,Bing,1,1,DuckDuckGo,1,1,,,
2024-10-29,piebro.github.io,17,13,forums.factorio.com,13,11,github.com,11,4,Google,5,2,DuckDuckGo,3,2,gitcode.com,2,2,Bing,1,1,news.ycombinator.com,1,1,,,,,,
2024-10-30,piebro.github.io,22,18,forums.factorio.com,16,13,github.com,12,5,Google,5,2,DuckDuckGo,3,2,gigazine.net,2,2,gitcode.com,2,2,Bing,1,1,news.ycombinator.com,1,1,,,
2024-10-31,piebro.github.io,23,19,forums.factorio.com,16,13,github.com,12,5,Google,6,3,DuckDuckGo,4,3,gigazine.net,2,2,gitcode.com,2,2,yandex.ru,1,1,huggingface.co,1,1,Bing,1,1
2024-11-01,piebro.github.io,29,21,forums.factorio.com,16,13,Google,6,3,github.com,5,3,DuckDuckGo,4,3,gigazine.net,2,2,gitcode.com,2,2,yandex.ru,1,1,huggingface.co,1,1,Bing,1,1
2024-11-02,piebro.github.io,30,22,forums.factorio.com,17,14,Google,6,3,github.com,5,3,DuckDuckGo,4,3,search.seznam.cz,4,2,gigazine.net,2,2,huggingface.co,1,1,gitcode.com,1,1,t.co,1,1
2024-11-03,piebro.github.io,30,22,forums.factorio.com,17,14,Google,6,3,github.com,5,3,DuckDuckGo,4,3,search.seznam.cz,4,2,gigazine.net,2,2,huggingface.co,1,1,gitcode.com,1,1,t.co,1,1
2024-11-04,piebro.github.io,34,23,forums.factorio.com,15,13,Google,7,4,search.seznam.cz,5,3,DuckDuckGo,4,3,github.com,4,2,gigazine.net,2,2,huggingface.co,1,1,gitcode.com,1,1,t.co,1,1
2024-11-05,piebro.github.io,33,22,forums.factorio.com,16,14,Google,15,5,search.seznam.cz,5,3,DuckDuckGo,4,3,gitcode.com,4,2,github.com,4,2,gigazine.net,2,2,huggingface.co,1,1,ya.ru,1,1
2024-11-06,piebro.github.io,33,22,forums.factorio.com,13,12,Google,11,4,search.seznam.cz,5,3,DuckDuckGo,4,3,gitcode.com,4,2,gigazine.net,2,2,news.ycombinator.com,2,1,huggingface.co,1,1,ya.ru,1,1
2024-11-07,piebro.github.io,31,23,forums.factorio.com,13,12,Google,11,4,search.seznam.cz,5,3,DuckDuckGo,4,3,gitcode.com,4,2,gigazine.net,2,2,news.ycombinator.com,2,1,huggingface.co,1,1,ya.ru,1,1
2024-11-08,piebro.github.io,33,25,forums.factorio.com,13,12,Google,11,4,search.seznam.cz,5,3,gitcode.com,5,2,DuckDuckGo,4,3,gigazine.net,2,2,news.ycombinator.com,2,1,huggingface.co,1,1,ya.ru,1,1
2024-11-09,piebro.github.io,32,24,forums.factorio.com,11,10,Google,11,4,search.seznam.cz,5,3,gitcode.com,5,2,DuckDuckGo,4,3,gigazine.net,2,2,news.ycombinator.com,2,1,yandex.ru,1,1,t.co,1,1
2024-11-10,piebro.github.io,30,22,forums.factorio.com,12,11,Google,11,4,gitcode.com,6,3,search.seznam.cz,5,3,DuckDuckGo,3,2,gigazine.net,2,2,news.ycombinator.com,2,1,huggingface.co,1,1,ya.ru,1,1
2024-11-11,piebro.github.io,31,23,forums.factorio.com,10,9,Google,10,3,gitcode.com,6,3,search.seznam.cz,5,3,gigazine.net,4,3,news.ycombinator.com,2,1,ya.ru,1,1,huggingface.co,1,1,github.com,1,1
2024-11-12,piebro.github.io,27,19,Google,10,3,forums.factorio.com,8,8,gitcode.com,6,3,search.seznam.cz,5,3,news.ycombinator.com,2,1,gigazine.net,2,1,ya.ru,1,1,huggingface.co,1,1,DuckDuckGo,1,1
2024-11-13,piebro.github.io,31,22,Google,9,2,forums.factorio.com,8,8,gitcode.com,6,3,search.seznam.cz,5,3,gigazine.net,2,1,news.ycombinator.com,2,1,ecosia.org,1,1,ya.ru,1,1,Baidu,1,1
2024-11-14,piebro.github.io,25,20,forums.factorio.com,9,9,Google,9,2,gitcode.com,6,3,search.seznam.cz,5,3,gigazine.net,2,1,news.ycombinator.com,2,1,ecosia.org,1,1,yandex.ru,1,1,ya.ru,1,1
2024-11-15,piebro.github.io,27,20,Google,10,3,forums.factorio.com,8,8,gitcode.com,7,4,gigazine.net,2,1,news.ycombinator.com,2,1,ya.ru,1,1,search.seznam.cz,1,1,ecosia.org,1,1,huggingface.co,1,1
2024-11-16,piebro.github.io,30,22,Google,11,4,forums.factorio.com,9,9,gitcode.com,8,5,gigazine.net,2,1,news.ycombinator.com,2,1,yandex.ru,1,1,ya.ru,1,1,search.seznam.cz,1,1,ecosia.org,1,1
2024-11-17,piebro.github.io,25,20,Google,10,3,forums.factorio.com,9,9,gitcode.com,8,5,gigazine.net,2,1,news.ycombinator.com,2,1,ya.ru,1,1,yandex.ru,1,1,ecosia.org,1,1,huggingface.co,1,1
2024-11-18,piebro.github.io,28,22,forums.factorio.com,8,8,gitcode.com,6,5,huggingface.co,3,2,Google,2,2,disqus.com,2,1,gigazine.net,2,1,news.ycombinator.com,2,1,github.com,1,1,Bing,1,1
2024-11-19,piebro.github.io,26,20,forums.factorio.com,10,8,gitcode.com,6,5,huggingface.co,4,3,Google,2,2,github.com,2,2,disqus.com,2,1,gigazine.net,2,1,reddit.com,2,1,Bing,1,1
2024-11-20,piebro.github.io,25,20,forums.factorio.com,9,7,gigazine.net,7,2,gitcode.com,5,5,huggingface.co,4,3,github.com,2,2,Google,2,2,disqus.com,2,1,reddit.com,2,1,Bing,1,1
2024-11-21,piebro.github.io,24,19,forums.factorio.com,9,7,gigazine.net,7,2,huggingface.co,5,4,gitcode.com,4,4,github.com,3,3,DuckDuckGo,2,2,Google,2,2,disqus.com,2,1,reddit.com,2,1
2024-11-22,piebro.github.io,26,21,forums.factorio.com,10,8,gigazine.net,7,2,huggingface.co,5,4,gitcode.com,4,4,github.com,3,3,DuckDuckGo,2,2,Google,2,2,disqus.com,2,1,reddit.com,2,1
2024-11-23,piebro.github.io,68,25,forums.factorio.com,9,7,gigazine.net,7,2,huggingface.co,6,5,gitcode.com,3,3,Google,3,3,github.com,3,3,DuckDuckGo,2,2,disqus.com,2,1,reddit.com,2,1
2024-11-24,piebro.github.io,66,23,forums.factorio.com,12,8,huggingface.co,7,6,gigazine.net,5,1,github.com,3,3,Google,3,3,gitcode.com,3,3,DuckDuckGo,2,2,disqus.com,2,1,reddit.com,2,1
2024-11-25,piebro.github.io,65,22,forums.factorio.com,12,8,huggingface.co,8,7,gigazine.net,5,1,github.com,3,3,Google,3,3,gitcode.com,3,3,DuckDuckGo,2,2,disqus.com,2,1,reddit.com,2,1
2024-11-26,piebro.github.io,60,18,forums.factorio.com,12,8,huggingface.co,9,8,gigazine.net,5,1,github.com,3,3,Google,3,3,gitcode.com,3,3,DuckDuckGo,2,2,disqus.com,2,1,reddit.com,2,1
2024-11-27,piebro.github.io,58,17,forums.factorio.com,11,7,huggingface.co,8,7,gigazine.net,5,1,github.com,3,3,gitcode.com,3,3,Google,3,3,DuckDuckGo,2,2,reddit.com,2,1,disqus.com,2,1
2024-11-28,piebro.github.io,58,19,forums.factorio.com,14,9,huggingface.co,8,7,gigazine.net,5,1,Google,4,3,github.com,3,3,DuckDuckGo,2,2,gitcode.com,2,2,reddit.com,2,1,disqus.com,2,1
2024-11-29,piebro.github.io,55,16,forums.factorio.com,14,9,huggingface.co,8,7,gigazine.net,5,1,github.com,3,3,Google,3,2,DuckDuckGo,2,2,disqus.com,2,1,gitcode.com,1,1,Bing,1,1
2024-11-30,piebro.github.io,55,16,forums.factorio.com,14,9,huggingface.co,8,7,gigazine.net,5,1,github.com,3,3,Google,3,2,DuckDuckGo,2,2,disqus.com,2,1,gitcode.com,1,1,Bing,1,1
2024-12-01,piebro.github.io,51,13,forums.factorio.com,13,8,huggingface.co,8,8,gigazine.net,5,1,github.com,3,3,Google,3,2,reddit.com,1,1,DuckDuckGo,1,1,,,,,,
2024-12-02,piebro.github.io,52,14,forums.factorio.com,11,8,huggingface.co,7,7,gigazine.net,5,1,Google,3,2,github.com,2,2,DuckDuckGo,2,2,,,,,,,,,
2024-12-03,piebro.github.io,51,13,forums.factorio.com,11,8,huggingface.co,7,7,Google,3,2,github.com,2,2,DuckDuckGo,2,2,,,,,,,,,,,,
2024-12-04,piebro.github.io,56,12,forums.factorio.com,12,9,huggingface.co,6,6,Google,4,3,github.com,1,1,DuckDuckGo,1,1,,,,,,,,,,,,
2024-12-05,piebro.github.io,55,11,forums.factorio.com,12,9,huggingface.co,6,6,Google,4,3,github.com,1,1,DuckDuckGo,1,1,,,,,,,,,,,,
2024-12-06,piebro.github.io,13,8,forums.factorio.com,12,9,huggingface.co,5,5,Google,3,2,github.com,1,1,DuckDuckGo,1,1,,,,,,,,,,,,
2024-12-07,piebro.github.io,14,8,forums.factorio.com,9,8,huggingface.co,5,5,Google,3,2,github.com,1,1,DuckDuckGo,1,1,,,,,,,,,,,,
2024-12-08,piebro.github.io,15,9,forums.factorio.com,9,8,Google,5,4,huggingface.co,4,4,github.com,1,1,DuckDuckGo,1,1,,,,,,,,,,,,
2024-12-09,piebro.github.io,16,10,forums.factorio.com,9,8,Google,5,4,huggingface.co,3,3,fbe.teoxoy.com,2,1,github.com,1,1,DuckDuckGo,1,1,,,,,,,,,
2024-12-10,piebro.github.io,16,10,forums.factorio.com,9,8,Google,5,4,huggingface.co,3,3,fbe.teoxoy.com,2,1,github.com,1,1,DuckDuckGo,1,1,,,,,,,,,
2024-12-11,piebro.github.io,13,7,forums.factorio.com,6,6,Google,3,3,huggingface.co,3,3,fbe.teoxoy.com,2,1,DuckDuckGo,1,1,,,,,,,,,,,,
2024-12-12,piebro.github.io,16,9,forums.factorio.com,10,7,Google,4,4,huggingface.co,3,3,fbe.teoxoy.com,2,1,github.com,1,1,DuckDuckGo,1,1,,,,,,,,,
2024-12-13,piebro.github.io,17,10,forums.factorio.com,12,9,Google,5,5,DuckDuckGo,4,2,huggingface.co,3,3,fbe.teoxoy.com,2,1,github.com,1,1,gigazine.net,1,1,,,,,,
2024-12-14,piebro.github.io,17,10,forums.factorio.com,14,11,Google,6,6,DuckDuckGo,4,2,fbe.teoxoy.com,2,1,github.com,1,1,huggingface.co,1,1,gigazine.net,1,1,,,,,,
2024-12-15,piebro.github.io,16,9,forums.factorio.com,14,11,Google,6,6,DuckDuckGo,3,1,fbe.teoxoy.com,2,1,github.com,1,1,Bing,1,1,huggingface.co,1,1,gigazine.net,1,1,,,
2024-12-16,forums.factorio.com,17,14,piebro.github.io,15,8,DuckDuckGo,8,3,Google,6,6,fbe.teoxoy.com,2,1,github.com,1,1,Bing,1,1,huggingface.co,1,1,gigazine.net,1,1,,,
2024-12-17,forums.factorio.com,16,13,piebro.github.io,10,8,DuckDuckGo,8,3,Google,5,5,fbe.teoxoy.com,2,1,github.com,1,1,Bing,1,1,huggingface.co,1,1,gigazine.net,1,1,,,
2024-12-18,forums.factorio.com,15,12,piebro.github.io,10,8,DuckDuckGo,8,3,Google,5,5,fbe.teoxoy.com,2,1,github.com,1,1,Bing,1,1,huggingface.co,1,1,gigazine.net,1,1,,,
2024-12-19,forums.factorio.com,15,12,piebro.github.io,10,8,DuckDuckGo,8,3,Google,5,5,fbe.teoxoy.com,2,1,github.com,1,1,Bing,1,1,huggingface.co,1,1,gigazine.net,1,1,,,
2024-12-20,forums.factorio.com,18,15,piebro.github.io,10,9,DuckDuckGo,8,3,Google,5,5,fbe.teoxoy.com,2,1,Bing,1,1,github.com,1,1,gigazine.net,1,1,,,,,,
2024-12-21,forums.factorio.com,17,14,piebro.github.io,9,8,DuckDuckGo,8,3,Google,5,4,fbe.teoxoy.com,2,1,Bing,1,1,reddit.com,1,1,github.com,1,1,gigazine.net,1,1,,,
2024-12-22,forums.factorio.com,19,16,piebro.github.io,10,9,DuckDuckGo,8,3,Google,5,4,github.com,1,1,Bing,1,1,reddit.com,1,1,gigazine.net,1,1,,,,,,
2024-12-23,forums.factorio.com,19,16,piebro.github.io,10,9,DuckDuckGo,8,3,Google,5,4,github.com,2,2,Bing,1,1,reddit.com,1,1,gigazine.net,1,1,,,,,,
2024-12-24,forums.factorio.com,19,16,piebro.github.io,12,10,DuckDuckGo,8,3,Google,5,4,github.com,2,2,Bing,2,2,reddit.com,1,1,gigazine.net,1,1,,,,,,
2024-12-25,forums.factorio.com,14,14,piebro.github.io,12,10,DuckDuckGo,8,3,Google,4,3,Bing,2,2,github.com,1,1,reddit.com,1,1,gigazine.net,1,1,,,,,,
2024-12-26,forums.factorio.com,13,13,piebro.github.io,11,9,DuckDuckGo,5,2,Google,3,2,Bing,2,2,reddit.com,1,1,github.com,1,1,yandex.ru,1,1,,,,,,
2024-12-27,forums.factorio.com,12,12,piebro.github.io,11,9,DuckDuckGo,5,2,github.com,2,2,Bing,2,2,Google,2,1,reddit.com,1,1,yandex.ru,1,1,,,,,,
2024-12-28,forums.factorio.com,12,12,piebro.github.io,11,9,DuckDuckGo,5,2,github.com,2,2,Google,2,1,yandex.ru,1,1,Bing,1,1,reddit.com,1,1,,,,,,
2024-12-29,piebro.github.io,12,10,forums.factorio.com,9,9,github.com,2,2,Google,2,1,yandex.ru,1,1,search.seznam.cz,1,1,Bing,1,1,reddit.com,1,1,DuckDuckGo,1,1,,,
2024-12-30,piebro.github.io,11,9,forums.factorio.com,8,8,github.com,2,2,Google,2,1,yandex.ru,1,1,search.seznam.cz,1,1,Bing,1,1,reddit.com,1,1,DuckDuckGo,1,1,,,
2024-12-31,piebro.github.io,12,9,forums.factorio.com,9,9,github.com,3,3,Google,2,1,search.brave.com,1,1,yandex.ru,1,1,search.seznam.cz,1,1,Bing,1,1,reddit.com,1,1,DuckDuckGo,1,1
2025-01-01,piebro.github.io,15,12,forums.factorio.com,11,11,github.com,3,3,Google,2,1,search.brave.com,1,1,yandex.ru,1,1,gigazine.net,1,1,search.seznam.cz,1,1,Bing,1,1,reddit.com,1,1
2025-01-02,piebro.github.io,13,10,forums.factorio.com,9,9,github.com,3,3,Bing,2,2,gigazine.net,2,2,Google,2,1,search.seznam.cz,1,1,reddit.com,1,1,DuckDuckGo,1,1,search.brave.com,1,1
2025-01-03,piebro.github.io,13,10,forums.factorio.com,9,9,github.com,3,3,gigazine.net,2,2,Bing,2,2,DuckDuckGo,2,2,search.brave.com,1,1,yandex.ru,1,1,search.seznam.cz,1,1,,,
2025-01-04,piebro.github.io,15,9,forums.factorio.com,7,7,github.com,4,4,cn.bing.com,3,1,gigazine.net,2,2,Bing,2,2,DuckDuckGo,2,2,yandex.ru,1,1,search.brave.com,1,1,search.seznam.cz,1,1
2025-01-05,piebro.github.io,15,9,forums.factorio.com,7,7,github.com,3,3,cn.bing.com,3,1,gigazine.net,2,2,Bing,2,2,DuckDuckGo,2,2,yandex.ru,1,1,Google,1,1,search.brave.com,1,1
2025-01-06,piebro.github.io,13,8,forums.factorio.com,7,7,gigazine.net,3,3,github.com,3,3,cn.bing.com,3,1,DuckDuckGo,2,2,search.seznam.cz,1,1,Bing,1,1,search.brave.com,1,1,yandex.ru,1,1
2025-01-07,piebro.github.io,11,7,forums.factorio.com,8,8,gigazine.net,3,3,github.com,3,3,cn.bing.com,3,1,DuckDuckGo,2,2,search.seznam.cz,1,1,Bing,1,1,search.brave.com,1,1,yandex.ru,1,1
2025-01-08,piebro.github.io,11,7,forums.factorio.com,7,7,github.com,4,4,gigazine.net,3,3,cn.bing.com,3,1,DuckDuckGo,2,2,search.seznam.cz,1,1,Bing,1,1,search.brave.com,1,1,Google,1,1
2025-01-09,piebro.github.io,19,11,github.com,11,4,forums.factorio.com,9,8,gigazine.net,3,3,cn.bing.com,3,1,DuckDuckGo,2,2,search.seznam.cz,1,1,Bing,1,1,search.brave.com,1,1,news.ycombinator.com,1,1
2025-01-10,news.ycombinator.com,10661,8189,piebro.github.io,249,156,hckrnews.com,184,162,github.com,42,20,Google,39,11,hn.premii.com,27,24,statics.teams.cdn.office.net,22,10,hackerweb.app,19,18,api.daily.dev,15,15,hn.algolia.com,13,12
2025-01-11,news.ycombinator.com,13858,10559,piebro.github.io,326,224,hckrnews.com,262,236,github.com,68,37,Google,48,16,hn.premii.com,34,30,com.google.android.gm,32,17,news.hada.io,31,29,hackerweb.app,29,27,t.co,29,19
2025-01-12,news.ycombinator.com,14093,10785,piebro.github.io,380,231,hckrnews.com,273,245,github.com,71,40,Google,54,18,com.google.android.gm,39,23,news.hada.io,35,32,hn.premii.com,34,30,mail.google.com,30,27,t.co,30,20
2025-01-13,news.ycombinator.com,14183,10812,piebro.github.io,381,232,hckrnews.com,281,253,github.com,78,43,Google,57,20,com.google.android.gm,44,28,news.hada.io,40,35,hn.premii.com,34,30,t.co,32,22,mail.google.com,30,27
2025-01-14,news.ycombinator.com,14298,10969,piebro.github.io,388,234,hckrnews.com,283,255,github.com,82,47,Google,61,24,com.google.android.gm,47,30,news.hada.io,43,37,mail.google.com,34,31,hn.premii.com,34,30,t.co,33,23
2025-01-15,news.ycombinator.com,14406,11056,piebro.github.io,396,238,hckrnews.com,286,257,github.com,84,48,Google,69,29,t.co,55,40,com.google.android.gm,49,32,news.hada.io,45,39,mail.google.com,34,31,hn.premii.com,34,30
2025-01-16,news.ycombinator.com,14454,11066,piebro.github.io,403,242,hckrnews.com,287,258,github.com,87,49,Google,72,31,t.co,57,42,com.google.android.gm,49,32,news.hada.io,47,41,mail.google.com,35,32,hn.premii.com,34,30
2025-01-17,news.ycombinator.com,14483,11094,piebro.github.io,403,243,hckrnews.com,287,258,github.com,92,51,Google,74,33,t.co,58,43,com.google.android.gm,49,32,news.hada.io,48,42,mail.google.com,35,32,hn.premii.com,34,30
2025-01-18,news.ycombinator.com,14501,11144,piebro.github.io,415,248,hckrnews.com,287,258,github.com,101,54,Google,79,37,t.co,58,43,com.google.android.gm,49,32,news.hada.io,48,42,mail.google.com,38,34,hn.premii.com,34,30
2025-01-19,news.ycombinator.com,14515,11146,piebro.github.io,417,250,hckrnews.com,287,258,github.com,104,55,Google,83,40,t.co,59,44,com.google.android.gm,49,32,news.hada.io,48,42,mail.google.com,39,35,hn.premii.com,34,30
2025-01-20,news.ycombinator.com,14531,11169,piebro.github.io,416,250,hckrnews.com,287,258,github.com,107,58,Google,85,42,t.co,60,45,com.google.android.gm,49,32,news.hada.io,48,42,mail.google.com,39,35,hn.premii.com,34,30
2025-01-21,news.ycombinator.com,14541,11190,piebro.github.io,418,253,hckrnews.com,287,258,github.com,110,60,Google,86,42,t.co,62,47,com.google.android.gm,50,33,news.hada.io,48,42,mail.google.com,39,35,tympanus.net,36,27
2025-01-22,news.ycombinator.com,14548,11190,piebro.github.io,414,251,hckrnews.com,287,258,github.com,108,62,Google,88,44,t.co,62,47,com.google.android.gm,51,34,news.hada.io,48,42,mail.google.com,39,35,api.daily.dev,36,30
2025-01-23,news.ycombinator.com,3892,3244,piebro.github.io,187,109,hckrnews.com,103,96,github.com,77,47,t.co,57,44,Google,52,38,com.google.android.gm,50,33,news.hada.io,48,42,mail.google.com,39,35,tympanus.net,36,27
2025-01-24,news.ycombinator.com,707,573,piebro.github.io,119,44,github.com,52,30,Google,43,32,t.co,34,29,api.daily.dev,27,21,hckrnews.com,25,23,tympanus.net,25,18,com.google.android.gm,19,18,news.hada.io,17,14
2025-01-25,news.ycombinator.com,475,382,piebro.github.io,66,38,github.com,51,29,Google,37,30,t.co,34,29,api.daily.dev,27,21,tympanus.net,23,16,hckrnews.com,14,12,news.hada.io,13,11,com.google.android.gm,12,11
2025-01-26,news.ycombinator.com,389,323,piebro.github.io,63,35,github.com,43,25,Google,35,29,t.co,32,27,api.daily.dev,28,21,tympanus.net,19,15,hn.algolia.com,10,9,buttondown.com,10,9,forums.factorio.com,10,6
2025-01-27,news.ycombinator.com,276,236,piebro.github.io,55,32,github.com,39,21,Google,32,26,t.co,31,26,api.daily.dev,29,22,tympanus.net,12,10,forums.factorio.com,11,7,hn.algolia.com,9,8,mastodon.social,9,1
2025-01-28,news.ycombinator.com,179,148,piebro.github.io,47,27,github.com,37,21,Google,27,23,api.daily.dev,27,23,tympanus.net,12,10,forums.factorio.com,12,8,t.co,9,9,hn.algolia.com,7,6,mastodon.social,7,1
2025-01-29,news.ycombinator.com,134,108,piebro.github.io,41,22,github.com,34,20,api.daily.dev,29,25,Google,25,21,tympanus.net,10,8,forums.factorio.com,10,7,t.co,7,7,search.brave.com,7,5,mastodon.social,6,1
2025-01-30,news.ycombinator.com,106,82,piebro.github.io,39,21,github.com,28,17,api.daily.dev,27,23,Google,26,20,tympanus.net,11,9,t.co,8,7,search.brave.com,7,5,forums.factorio.com,5,5,hn.algolia.com,5,4
2025-01-31,news.ycombinator.com,88,64,api.daily.dev,28,24,piebro.github.io,27,17,Google,22,17,github.com,19,14,tympanus.net,11,9,pocket.andyhazou.me,9,2,t.co,8,7,search.brave.com,8,6,forums.factorio.com,5,5
2025-02-01,news.ycombinator.com,78,54,piebro.github.io,74,18,api.daily.dev,33,29,Google,22,16,github.com,16,13,tympanus.net,12,10,pocket.andyhazou.me,9,2,search.brave.com,8,6,t.co,7,6,forums.factorio.com,7,6
2025-02-02,piebro.github.io,74,18,news.ycombinator.com,63,42,api.daily.dev,34,30,Google,20,14,github.com,13,11,tympanus.net,12,10,pocket.andyhazou.me,9,2,forums.factorio.com,8,7,search.brave.com,8,6,t.co,6,5
2025-02-03,piebro.github.io,72,16,news.ycombinator.com,53,35,api.daily.dev,32,28,Google,20,14,tympanus.net,10,9,forums.factorio.com,9,8,github.com,9,7,pocket.andyhazou.me,8,1,search.brave.com,7,5,hn.algolia.com,5,4
2025-02-04,piebro.github.io,68,12,news.ycombinator.com,46,29,api.daily.dev,30,26,forums.factorio.com,29,9,Google,19,13,tympanus.net,10,9,pocket.andyhazou.me,8,1,search.brave.com,7,5,github.com,4,4,t.co,4,3
2025-02-05,piebro.github.io,67,12,news.ycombinator.com,47,27,api.daily.dev,37,31,forums.factorio.com,32,12,Google,19,13,tympanus.net,10,9,search.brave.com,7,5,pocket.andyhazou.me,6,1,github.com,4,4,t.co,4,3
2025-02-06,piebro.github.io,59,11,news.ycombinator.com,38,23,api.daily.dev,32,26,forums.factorio.com,32,12,Google,20,14,t.co,13,4,tympanus.net,9,8,search.brave.com,7,5,pocket.andyhazou.me,6,1,github.com,4,4
2025-02-07,piebro.github.io,58,10,news.ycombinator.com,36,22,forums.factorio.com,31,11,api.daily.dev,30,25,Google,20,14,t.co,12,3,tympanus.net,8,7,search.brave.com,7,5,pocket.andyhazou.me,6,1,github.com,4,4
2025-02-08,piebro.github.io,59,11,news.ycombinator.com,34,23,forums.factorio.com,31,11,api.daily.dev,28,24,Google,19,13,t.co,12,3,tympanus.net,8,7,search.brave.com,6,5,pocket.andyhazou.me,6,1,github.com,4,4
2025-02-09,piebro.github.io,59,11,news.ycombinator.com,37,25,forums.factorio.com,31,11,api.daily.dev,27,22,Google,18,12,t.co,12,3,tympanus.net,8,7,pocket.andyhazou.me,6,1,github.com,5,5,search.brave.com,4,3
2025-02-10,piebro.github.io,61,13,forums.factorio.com,30,10,api.daily.dev,26,21,news.ycombinator.com,26,21,Google,15,10,t.co,12,3,pocket.andyhazou.me,6,1,github.com,5,5,tympanus.net,5,5,search.brave.com,4,3
2025-02-11,piebro.github.io,60,12,forums.factorio.com,31,11,news.ycombinator.com,28,21,api.daily.dev,24,19,Google,16,11,t.co,12,3,github.com,6,6,pocket.andyhazou.me,6,1,news.hada.io,5,2,tympanus.net,3,3
2025-02-12,piebro.github.io,58,11,forums.factorio.com,30,10,news.ycombinator.com,27,20,api.daily.dev,24,19,Google,13,10,t.co,10,2,github.com,6,6,pocket.andyhazou.me,6,1,news.hada.io,5,2,vn.biggo.com,3,1
2025-02-13,piebro.github.io,58,11,forums.factorio.com,30,10,news.ycombinator.com,28,21,api.daily.dev,23,18,Google,15,13,t.co,10,2,github.com,6,6,news.hada.io,5,2,vn.biggo.com,3,1,gitcode.com,3,1
2025-02-14,forums.factorio.com,30,11,news.ycombinator.com,27,18,Google,18,15,api.daily.dev,18,13,t.co,10,2,piebro.github.io,9,8,github.com,6,6,news.hada.io,5,2,gitcode.com,3,1,vn.biggo.com,3,1
2025-02-15,forums.factorio.com,29,10,news.ycombinator.com,28,17,Google,21,18,piebro.github.io,19,11,api.daily.dev,16,12,t.co,10,2,github.com,7,7,news.hada.io,5,2,gitcode.com,3,1,vn.biggo.com,3,1
2025-02-16,news.ycombinator.com,31,18,forums.factorio.com,29,10,Google,20,17,piebro.github.io,19,11,api.daily.dev,16,12,t.co,10,2,github.com,7,7,news.hada.io,6,3,gitcode.com,3,1,vn.biggo.com,3,1
2025-02-17,news.ycombinator.com,32,17,Google,22,18,piebro.github.io,21,13,api.daily.dev,15,11,t.co,10,2,forums.factorio.com,8,8,github.com,6,6,news.hada.io,6,3,gitcode.com,3,1,vn.biggo.com,3,1
2025-02-18,Google,31,17,news.ycombinator.com,28,15,t.co,27,18,piebro.github.io,21,13,github.com,7,7,forums.factorio.com,6,6,news.hada.io,6,3,api.daily.dev,5,4,tom-doerr.github.io,3,3,vn.biggo.com,3,1
2025-02-19,Google,31,17,news.ycombinator.com,25,14,t.co,23,22,piebro.github.io,19,12,forums.factorio.com,11,9,github.com,6,6,news.hada.io,6,3,api.daily.dev,4,3,tom-doerr.github.io,3,3,gitcode.com,3,1
2025-02-20,Google,35,20,t.co,26,25,news.ycombinator.com,25,14,piebro.github.io,20,13,forums.factorio.com,14,12,news.hada.io,6,3,github.com,4,4,api.daily.dev,4,3,chatgpt.com,3,3,tom-doerr.github.io,3,3
2025-02-21,Google,35,20,t.co,27,25,news.ycombinator.com,24,13,piebro.github.io,20,13,forums.factorio.com,15,13,news.hada.io,6,3,github.com,4,4,chatgpt.com,3,3,tom-doerr.github.io,3,3,api.daily.dev,3,2
2025-02-22,Google,35,20,t.co,29,27,news.ycombinator.com,20,9,piebro.github.io,18,11,forums.factorio.com,14,12,tympanus.net,3,3,chatgpt.com,3,3,tom-doerr.github.io,3,3,github.com,3,3,gitcode.com,3,1
2025-02-23,Google,36,21,t.co,30,28,news.ycombinator.com,22,10,piebro.github.io,16,9,forums.factorio.com,14,12,github.com,4,4,tympanus.net,3,3,chatgpt.com,3,3,tom-doerr.github.io,3,3,gitcode.com,3,1
2025-02-24,Google,36,21,t.co,30,28,piebro.github.io,18,11,news.ycombinator.com,17,8,forums.factorio.com,13,11,tom-doerr.github.io,6,4,tympanus.net,5,4,github.com,4,4,chatgpt.com,3,3,gitcode.com,3,1
2025-02-25,Google,32,19,t.co,31,29,piebro.github.io,19,12,news.ycombinator.com,17,9,forums.factorio.com,13,11,tom-doerr.github.io,6,4,tympanus.net,5,4,github.com,4,4,chatgpt.com,3,3,search.brave.com,3,2
2025-02-26,t.co,32,30,Google,28,15,piebro.github.io,19,12,news.ycombinator.com,16,8,forums.factorio.com,14,12,tom-doerr.github.io,6,4,tympanus.net,5,4,github.com,4,4,search.brave.com,4,3,chatgpt.com,3,3
2025-02-27,t.co,32,30,Google,30,18,piebro.github.io,21,14,news.ycombinator.com,17,9,forums.factorio.com,13,11,tom-doerr.github.io,6,4,tympanus.net,5,4,github.com,4,4,search.brave.com,4,3,chatgpt.com,3,3
2025-02-28,t.co,32,30,Google,28,16,news.ycombinator.com,15,9,piebro.github.io,13,12,forums.factorio.com,13,11,tympanus.net,6,5,tom-doerr.github.io,6,4,search.brave.com,4,3,github.com,3,3,chatgpt.com,2,2
2025-03-01,t.co,33,31,Google,28,16,piebro.github.io,14,13,forums.factorio.com,14,12,news.ycombinator.com,12,8,tympanus.net,6,5,tom-doerr.github.io,6,4,github.com,5,5,search.brave.com,4,3,chatgpt.com,2,2
2025-03-02,t.co,34,32,Google,26,15,forums.factorio.com,16,13,piebro.github.io,13,12,news.ycombinator.com,10,7,github.com,6,6,tympanus.net,6,5,tom-doerr.github.io,6,4,search.brave.com,4,3,gigazine.net,2,2
2025-03-03,t.co,17,16,Google,15,14,forums.factorio.com,15,12,piebro.github.io,12,11,news.ycombinator.com,11,8,tympanus.net,6,5,github.com,5,5,search.brave.com,4,3,tom-doerr.github.io,3,1,gigazine.net,2,2
2025-03-04,Google,14,13,piebro.github.io,13,12,news.ycombinator.com,12,9,t.co,11,11,forums.factorio.com,10,9,tympanus.net,6,4,github.com,5,5,search.brave.com,4,3,tom-doerr.github.io,3,1,gigazine.net,2,2
2025-03-05,piebro.github.io,12,11,Google,11,11,news.ycombinator.com,11,8,t.co,8,8,forums.factorio.com,7,6,tympanus.net,6,4,github.com,5,5,search.brave.com,3,3,tom-doerr.github.io,3,1,gigazine.net,2,2
2025-03-06,piebro.github.io,13,12,Google,12,12,news.ycombinator.com,10,7,t.co,7,7,forums.factorio.com,7,6,tympanus.net,6,4,github.com,5,5,search.brave.com,3,3,tom-doerr.github.io,3,1,gigazine.net,2,2
2025-03-07,Google,14,14,piebro.github.io,13,12,news.ycombinator.com,11,7,forums.factorio.com,7,6,t.co,5,5,github.com,5,5,tympanus.net,5,3,search.brave.com,3,3,tom-doerr.github.io,3,1,gigazine.net,2,2
2025-03-08,Google,18,15,piebro.github.io,14,13,news.ycombinator.com,11,7,forums.factorio.com,7,6,tympanus.net,7,4,t.co,4,4,github.com,4,4,search.brave.com,3,3,tom-doerr.github.io,3,1,gigazine.net,2,2
2025-03-09,Google,16,13,piebro.github.io,12,11,news.ycombinator.com,11,7,forums.factorio.com,9,7,tympanus.net,5,3,t.co,4,4,github.com,3,3,search.brave.com,3,3,gigazine.net,2,2,,,
2025-03-10,Google,17,14,piebro.github.io,11,10,forums.factorio.com,11,8,news.ycombinator.com,8,6,github.com,5,4,tympanus.net,5,3,t.co,3,3,DuckDuckGo,3,1,gigazine.net,2,2,search.brave.com,2,2
2025-03-11,Google,19,16,piebro.github.io,13,11,news.ycombinator.com,12,9,forums.factorio.com,11,8,github.com,6,5,tympanus.net,5,3,DuckDuckGo,3,1,t.co,2,2,gigazine.net,1,1,search.brave.com,1,1
2025-03-12,Google,16,13,forums.factorio.com,12,9,news.ycombinator.com,12,9,piebro.github.io,11,9,github.com,8,6,tympanus.net,5,3,DuckDuckGo,3,1,t.co,2,2,search.brave.com,1,1,gigazine.net,1,1
2025-03-13,Google,16,13,news.ycombinator.com,12,9,forums.factorio.com,12,9,github.com,11,9,piebro.github.io,9,8,tympanus.net,5,3,DuckDuckGo,4,2,t.co,2,2,search.brave.com,1,1,gigazine.net,1,1
2025-03-14,Google,17,14,news.ycombinator.com,12,9,forums.factorio.com,10,7,github.com,9,7,piebro.github.io,8,7,tympanus.net,5,3,DuckDuckGo,4,2,search.brave.com,2,2,gigazine.net,2,2,t.co,1,1
2025-03-15,Google,20,16,news.ycombinator.com,14,9,piebro.github.io,8,7,github.com,8,6,forums.factorio.com,8,6,DuckDuckGo,5,3,tympanus.net,5,3,search.brave.com,2,2,reddit.com,2,1,t.co,1,1
2025-03-16,Google,23,19,news.ycombinator.com,12,8,piebro.github.io,11,7,forums.factorio.com,9,7,github.com,9,7,tympanus.net,5,3,DuckDuckGo,5,3,t.co,2,2,search.brave.com,2,2,reddit.com,2,1
2025-03-17,Google,23,19,news.ycombinator.com,13,8,github.com,11,8,piebro.github.io,11,7,forums.factorio.com,10,8,DuckDuckGo,5,3,tympanus.net,3,2,t.co,2,2,reddit.com,2,1,huggingface.co,1,1
2025-03-18,Google,23,19,forums.factorio.com,13,10,news.ycombinator.com,13,8,github.com,12,9,piebro.github.io,11,7,DuckDuckGo,5,3,tympanus.net,3,2,gigazine.net,3,2,t.co,2,2,chatgpt.com,2,1
2025-03-19,Google,23,19,news.ycombinator.com,14,9,github.com,13,10,forums.factorio.com,12,9,piebro.github.io,11,6,DuckDuckGo,5,3,tympanus.net,4,3,gigazine.net,3,2,t.co,2,2,chatgpt.com,2,1
2025-03-20,Google,23,18,github.com,13,10,news.ycombinator.com,13,9,piebro.github.io,13,8,forums.factorio.com,12,9,tympanus.net,5,4,DuckDuckGo,5,3,t.co,3,3,gigazine.net,3,2,chatgpt.com,2,1
2025-03-21,Google,19,16,github.com,13,10,forums.factorio.com,12,9,piebro.github.io,12,7,news.ycombinator.com,11,7,DuckDuckGo,5,3,tympanus.net,3,3,t.co,3,3,gigazine.net,3,2,reddit.com,2,1
2025-03-22,Google,20,17,news.ycombinator.com,14,9,github.com,13,10,piebro.github.io,13,8,forums.factorio.com,10,8,DuckDuckGo,5,3,tympanus.net,3,3,t.co,3,3,gigazine.net,3,2,chatgpt.com,2,1
2025-03-23,Google,21,17,news.ycombinator.com,14,9,piebro.github.io,13,8,github.com,12,10,forums.factorio.com,7,6,t.co,4,4,tympanus.net,3,3,gigazine.net,3,2,DuckDuckGo,2,2,chatgpt.com,2,1
2025-03-24,Google,20,16,github.com,13,10,piebro.github.io,11,7,news.ycombinator.com,10,7,forums.factorio.com,6,5,t.co,5,5,tympanus.net,3,3,gigazine.net,3,2,DuckDuckGo,2,2,reddit.com,2,1
2025-03-25,Google,23,17,piebro.github.io,13,9,github.com,11,9,news.ycombinator.com,9,6,t.co,5,5,forums.factorio.com,5,4,tympanus.net,3,3,gigazine.net,3,2,DuckDuckGo,2,2,reddit.com,2,1
2025-03-26,Google,25,17,piebro.github.io,15,11,news.ycombinator.com,9,6,github.com,8,6,t.co,5,5,forums.factorio.com,5,4,gigazine.net,3,2,tympanus.net,2,2,chatgpt.com,2,1,reddit.com,2,1
2025-03-27,Google,26,18,piebro.github.io,15,11,news.ycombinator.com,11,7,github.com,8,6,t.co,5,5,forums.factorio.com,5,4,gigazine.net,3,2,tympanus.net,2,2,reddit.com,2,2,chatgpt.com,2,1
2025-03-28,Google,22,15,piebro.github.io,15,11,news.ycombinator.com,9,6,github.com,8,6,forums.factorio.com,5,4,t.co,4,4,gigazine.net,3,2,tympanus.net,2,2,chatgpt.com,2,1,huggingface.co,1,1
2025-03-29,Google,26,14,piebro.github.io,14,13,news.ycombinator.com,9,6,github.com,7,5,forums.factorio.com,4,3,t.co,3,3,gigazine.net,3,2,tympanus.net,2,2,chatgpt.com,2,1,link.gitcode.com,1,1
2025-03-30,Google,30,17,piebro.github.io,13,12,news.ycombinator.com,7,5,github.com,5,4,t.co,3,3,gigazine.net,3,2,forums.factorio.com,3,2,tympanus.net,2,2,chatgpt.com,2,1,link.gitcode.com,1,1
2025-03-31,Google,29,17,piebro.github.io,14,13,news.ycombinator.com,7,5,github.com,4,3,t.co,3,3,tympanus.net,2,2,DuckDuckGo,1,1,innoreader.com,1,1,reddit.com,1,1,link.gitcode.com,1,1
2025-04-01,Google,29,16,piebro.github.io,12,12,news.ycombinator.com,6,4,t.co,3,3,github.com,3,2,tympanus.net,2,2,DuckDuckGo,1,1,innoreader.com,1,1,reddit.com,1,1,link.gitcode.com,1,1
2025-04-02,Google,28,15,piebro.github.io,10,10,news.ycombinator.com,6,4,github.com,3,2,t.co,2,2,tympanus.net,1,1,reddit.com,1,1,DuckDuckGo,1,1,innoreader.com,1,1,gigazine.net,1,1
2025-04-03,Google,28,16,piebro.github.io,10,10,news.ycombinator.com,6,4,github.com,4,3,t.co,2,2,gigazine.net,2,2,tympanus.net,1,1,reddit.com,1,1,DuckDuckGo,1,1,innoreader.com,1,1
2025-04-04,Google,29,17,piebro.github.io,11,11,news.ycombinator.com,5,4,github.com,4,3,t.co,3,3,gigazine.net,2,2,tympanus.net,1,1,reddit.com,1,1,DuckDuckGo,1,1,innoreader.com,1,1
2025-04-05,Google,31,19,piebro.github.io,12,12,news.ycombinator.com,5,4,github.com,3,2,t.co,2,2,gigazine.net,2,2,tympanus.net,1,1,reddit.com,1,1,DuckDuckGo,1,1,innoreader.com,1,1
2025-04-06,Google,30,18,piebro.github.io,12,12,news.ycombinator.com,6,5,gigazine.net,2,2,tympanus.net,1,1,forums.factorio.com,1,1,reddit.com,1,1,DuckDuckGo,1,1,t.co,1,1,github.com,1,1
2025-04-07,Google,26,16,piebro.github.io,10,10,news.ycombinator.com,6,5,gigazine.net,2,2,tympanus.net,1,1,forums.factorio.com,1,1,reddit.com,1,1,DuckDuckGo,1,1,t.co,1,1,github.com,1,1
2025-04-08,Google,24,16,piebro.github.io,18,9,news.ycombinator.com,6,5,forums.factorio.com,2,2,gigazine.net,2,2,reddit.com,1,1,DuckDuckGo,1,1,t.co,1,1,github.com,1,1,tympanus.net,1,1
2025-04-09,Google,23,15,piebro.github.io,18,9,news.ycombinator.com,4,4,forums.factorio.com,2,2,DuckDuckGo,1,1,tympanus.net,1,1,gigazine.net,1,1,t.co,1,1,github.com,1,1,,,
2025-04-10,Google,26,17,piebro.github.io,20,11,news.ycombinator.com,4,4,forums.factorio.com,2,2,DuckDuckGo,1,1,tympanus.net,1,1,gigazine.net,1,1,t.co,1,1,github.com,1,1,,,
2025-04-11,Google,20,16,piebro.github.io,17,8,news.ycombinator.com,4,4,forums.factorio.com,2,2,tympanus.net,1,1,gigazine.net,1,1,t.co,1,1,github.com,1,1,,,,,,
2025-04-12,Google,18,15,piebro.github.io,17,8,news.ycombinator.com,4,4,forums.factorio.com,2,2,tympanus.net,2,2,github.com,2,2,gigazine.net,1,1,t.co,1,1,news.hada.io,1,1,,,
2025-04-13,Google,20,16,piebro.github.io,16,7,news.ycombinator.com,4,4,github.com,4,4,forums.factorio.com,2,2,tympanus.net,2,2,t.co,1,1,gigazine.net,1,1,news.hada.io,1,1,,,
2025-04-14,Google,20,17,piebro.github.io,16,7,github.com,5,5,news.ycombinator.com,4,4,forums.factorio.com,3,3,tympanus.net,1,1,t.co,1,1,gigazine.net,1,1,news.hada.io,1,1,,,
2025-04-15,Google,20,17,piebro.github.io,16,7,github.com,5,5,news.ycombinator.com,3,3,forums.factorio.com,3,3,tympanus.net,1,1,gigazine.net,1,1,news.hada.io,1,1,t.co,1,1,,,
2025-04-16,Google,19,16,piebro.github.io,16,7,github.com,5,5,news.ycombinator.com,3,3,forums.factorio.com,3,3,tympanus.net,1,1,news.hada.io,1,1,t.co,1,1,,,,,,
2025-04-17,Google,18,15,piebro.github.io,16,6,github.com,5,5,forums.factorio.com,4,4,news.ycombinator.com,2,2,tympanus.net,1,1,news.hada.io,1,1,,,,,,,,,
2025-04-18,piebro.github.io,15,5,Google,14,12,github.com,5,5,forums.factorio.com,4,4,news.ycombinator.com,4,3,tympanus.net,1,1,news.hada.io,1,1,,,,,,,,,
2025-04-19,piebro.github.io,16,6,Google,14,12,github.com,5,5,news.ycombinator.com,4,3,forums.factorio.com,3,3,tympanus.net,1,1,news.hada.io,1,1,,,,,,,,,
2025-04-20,Google,22,16,piebro.github.io,18,8,github.com,5,5,news.ycombinator.com,4,3,forums.factorio.com,3,3,yandex.ru,1,1,tympanus.net,1,1,com.google.android.gm,1,1,news.hada.io,1,1,,,
2025-04-21,Google,24,17,piebro.github.io,21,8,github.com,5,5,news.ycombinator.com,4,3,forums.factorio.com,3,3,yandex.ru,1,1,tympanus.net,1,1,com.google.android.gm,1,1,news.hada.io,1,1,,,
2025-04-22,Google,24,17,piebro.github.io,22,8,github.com,6,6,forums.factorio.com,4,3,news.ycombinator.com,4,3,yandex.ru,1,1,tympanus.net,1,1,com.google.android.gm,1,1,news.hada.io,1,1,,,
2025-04-23,Google,21,15,piebro.github.io,21,6,github.com,6,6,forums.factorio.com,5,3,news.ycombinator.com,4,3,chatgpt.com,2,1,reddit.com,2,1,yandex.ru,1,1,news.hada.io,1,1,tympanus.net,1,1
2025-04-24,piebro.github.io,24,8,Google,20,14,github.com,7,7,forums.factorio.com,7,4,news.ycombinator.com,5,4,chatgpt.com,2,1,reddit.com,2,1,yandex.ru,1,1,news.hada.io,1,1,tympanus.net,1,1
2025-04-25,piebro.github.io,25,8,Google,20,14,forums.factorio.com,8,4,github.com,6,6,news.ycombinator.com,6,5,reddit.com,2,1,chatgpt.com,2,1,yandex.ru,1,1,coccoc.com,1,1,com.google.android.gm,1,1
2025-04-26,piebro.github.io,28,10,Google,19,14,forums.factorio.com,9,4,news.ycombinator.com,6,5,github.com,4,4,reddit.com,2,1,chatgpt.com,2,1,yandex.ru,1,1,coccoc.com,1,1,com.google.android.gm,1,1
2025-04-27,piebro.github.io,28,10,Google,19,14,forums.factorio.com,8,3,news.ycombinator.com,6,5,github.com,3,3,chatgpt.com,2,1,reddit.com,2,1,yandex.ru,1,1,youtube.com,1,1,coccoc.com,1,1
2025-04-28,piebro.github.io,28,10,Google,18,13,forums.factorio.com,8,3,news.ycombinator.com,6,5,github.com,3,3,chatgpt.com,2,1,reddit.com,2,1,yandex.ru,1,1,youtube.com,1,1,coccoc.com,1,1
2025-04-29,piebro.github.io,29,10,Google,21,15,forums.factorio.com,9,3,news.ycombinator.com,6,5,github.com,2,2,chatgpt.com,2,1,reddit.com,2,1,yandex.ru,1,1,youtube.com,1,1,coccoc.com,1,1
2025-04-30,piebro.github.io,28,10,Google,20,14,forums.factorio.com,8,2,news.ycombinator.com,6,5,github.com,2,2,chatgpt.com,2,1,reddit.com,2,1,yandex.ru,1,1,youtube.com,1,1,coccoc.com,1,1
2025-05-01,piebro.github.io,28,10,Google,21,15,forums.factorio.com,8,2,news.ycombinator.com,5,5,huggingface.co,4,1,github.com,2,2,reddit.com,2,1,chatgpt.com,2,1,yandex.ru,1,1,news.hada.io,1,1
2025-05-02,piebro.github.io,28,10,Google,21,15,forums.factorio.com,9,3,news.ycombinator.com,4,4,huggingface.co,4,1,github.com,2,2,reddit.com,2,1,chatgpt.com,2,1,yandex.ru,1,1,news.hada.io,1,1
2025-05-03,piebro.github.io,27,9,Google,16,14,forums.factorio.com,9,3,news.ycombinator.com,4,4,huggingface.co,4,1,github.com,2,2,reddit.com,2,1,chatgpt.com,2,1,tympanus.net,1,1,news.hada.io,1,1
2025-05-04,Google,25,14,piebro.github.io,14,9,forums.factorio.com,10,5,news.ycombinator.com,5,5,huggingface.co,4,1,github.com,2,2,reddit.com,2,1,chatgpt.com,2,1,tympanus.net,1,1,news.hada.io,1,1
2025-05-05,Google,28,16,piebro.github.io,13,9,forums.factorio.com,9,5,news.ycombinator.com,5,5,huggingface.co,4,1,chatgpt.com,2,1,reddit.com,2,1,tympanus.net,1,1,news.hada.io,1,1,youtube.com,1,1
2025-05-06,Google,31,18,piebro.github.io,11,8,forums.factorio.com,8,5,news.ycombinator.com,5,5,huggingface.co,4,1,search.brave.com,1,1,tympanus.net,1,1,youtube.com,1,1,coccoc.com,1,1,news.hada.io,1,1
2025-05-07,Google,33,20,piebro.github.io,8,6,forums.factorio.com,6,4,news.ycombinator.com,4,4,huggingface.co,4,1,tympanus.net,1,1,youtube.com,1,1,coccoc.com,1,1,news.hada.io,1,1,github.com,1,1
2025-05-08,Google,32,19,piebro.github.io,7,6,forums.factorio.com,5,4,huggingface.co,4,1,news.ycombinator.com,3,3,tympanus.net,1,1,youtube.com,1,1,news.hada.io,1,1,github.com,1,1,,,
2025-05-09,Google,34,20,piebro.github.io,4,4,forums.factorio.com,4,4,huggingface.co,4,1,news.ycombinator.com,3,3,tympanus.net,1,1,youtube.com,1,1,news.hada.io,1,1,github.com,1,1,,,
2025-05-10,Google,34,19,piebro.github.io,8,6,forums.factorio.com,5,5,news.ycombinator.com,4,4,huggingface.co,4,1,tympanus.net,1,1,github.com,1,1,search.brave.com,1,1,news.hada.io,1,1,,,
2025-05-11,Google,36,21,piebro.github.io,9,7,news.ycombinator.com,6,5,forums.factorio.com,5,5,huggingface.co,4,1,tympanus.net,1,1,github.com,1,1,search.brave.com,1,1,news.hada.io,1,1,,,
2025-05-12,Google,34,19,piebro.github.io,8,6,news.ycombinator.com,6,5,forums.factorio.com,4,4,huggingface.co,4,1,tympanus.net,1,1,github.com,1,1,search.brave.com,1,1,news.hada.io,1,1,,,
2025-05-13,Google,36,20,piebro.github.io,7,5,news.ycombinator.com,5,4,forums.factorio.com,4,4,huggingface.co,4,1,web.telegram.org,3,1,github.com,2,2,tympanus.net,1,1,search.brave.com,1,1,news.hada.io,1,1
2025-05-14,Google,35,19,piebro.github.io,7,5,forums.factorio.com,4,4,news.ycombinator.com,4,3,github.com,3,3,web.telegram.org,3,1,search.brave.com,1,1,,,,,,,,,
2025-05-15,Google,36,20,piebro.github.io,10,5,github.com,4,4,news.ycombinator.com,4,3,forums.factorio.com,3,3,web.telegram.org,3,1,search.brave.com,1,1,,,,,,,,,
2025-05-16,Google,35,18,piebro.github.io,9,4,news.ycombinator.com,6,4,github.com,5,5,forums.factorio.com,3,3,web.telegram.org,3,1,search.brave.com,1,1,,,,,,,,,
2025-05-17,Google,23,17,piebro.github.io,9,4,news.ycombinator.com,6,4,github.com,5,5,web.telegram.org,3,1,forums.factorio.com,1,1,search.brave.com,1,1,,,,,,,,,
2025-05-18,Google,19,13,piebro.github.io,9,4,github.com,7,7,news.ycombinator.com,6,4,forums.factorio.com,3,3,web.telegram.org,3,1,search.brave.com,1,1,,,,,,,,,
2025-05-19,Google,17,12,piebro.github.io,9,4,github.com,7,7,news.ycombinator.com,6,4,forums.factorio.com,3,3,web.telegram.org,3,1,search.brave.com,1,1,,,,,,,,,
2025-05-20,Google,18,13,piebro.github.io,10,5,github.com,6,6,news.ycombinator.com,6,4,forums.factorio.com,4,4,web.telegram.org,3,1,search.brave.com,1,1,,,,,,,,,
2025-05-21,Google,20,13,piebro.github.io,11,6,github.com,6,6,news.ycombinator.com,6,4,forums.factorio.com,4,4,web.telegram.org,3,1,search.brave.com,1,1,,,,,,,,,
2025-05-22,Google,20,15,piebro.github.io,13,8,github.com,6,6,news.ycombinator.com,6,4,forums.factorio.com,4,4,web.telegram.org,3,1,search.brave.com,1,1,,,,,,,,,
2025-05-23,Google,19,15,piebro.github.io,9,6,github.com,6,6,news.ycombinator.com,5,3,forums.factorio.com,3,3,web.telegram.org,3,1,,,,,,,,,,,,
2025-05-24,Google,17,13,piebro.github.io,8,5,github.com,6,6,forums.factorio.com,3,3,news.ycombinator.com,3,2,web.telegram.org,3,1,,,,,,,,,,,,
2025-05-25,Google,16,13,piebro.github.io,8,5,github.com,6,6,forums.factorio.com,3,3,news.ycombinator.com,3,2,web.telegram.org,3,1,,,,,,,,,,,,
2025-05-26,Google,14,12,piebro.github.io,8,5,github.com,7,6,forums.factorio.com,3,3,news.ycombinator.com,3,2,,,,,,,,,,,,,,,
2025-05-27,Google,15,11,piebro.github.io,9,6,github.com,6,5,forums.factorio.com,4,4,news.ycombinator.com,3,2,,,,,,,,,,,,,,,
2025-05-28,Google,14,10,piebro.github.io,6,6,github.com,5,4,forums.factorio.com,4,4,news.ycombinator.com,4,3,ya.ru,4,1,,,,,,,,,,,,
2025-05-29,Google,13,10,piebro.github.io,9,9,forums.factorio.com,5,4,github.com,4,3,ya.ru,4,1,news.ycombinator.com,3,3,,,,,,,,,,,,
2025-05-30,Google,14,11,piebro.github.io,10,10,forums.factorio.com,5,4,github.com,4,3,ya.ru,4,1,news.ycombinator.com,2,2,,,,,,,,,,,,
2025-05-31,Google,16,13,piebro.github.io,11,11,ya.ru,4,1,news.ycombinator.com,3,3,forums.factorio.com,3,2,github.com,3,2,hn.algolia.com,3,1,,,,,,,,,
2025-06-01,Google,16,12,piebro.github.io,11,11,github.com,4,3,forums.factorio.com,4,2,ya.ru,4,1,news.ycombinator.com,3,3,hn.algolia.com,3,1,,,,,,,,,
2025-06-02,piebro.github.io,15,13,Google,14,10,github.com,9,4,forums.factorio.com,4,1,ya.ru,4,1,news.ycombinator.com,3,3,hn.algolia.com,3,1,,,,,,,,,
2025-06-03,Google,14,12,piebro.github.io,14,12,github.com,9,4,ya.ru,4,1,forums.factorio.com,4,1,news.ycombinator.com,3,3,hn.algolia.com,3,1,chatgpt.com,1,1,,,,,,
2025-06-04,piebro.github.io,13,11,Google,11,9,github.com,9,4,forums.factorio.com,9,2,ya.ru,4,1,news.ycombinator.com,3,3,hn.algolia.com,3,1,chatgpt.com,1,1,DuckDuckGo,1,1,,,
2025-06-05,Google,15,12,piebro.github.io,13,11,github.com,9,4,forums.factorio.com,9,2,ya.ru,4,1,news.ycombinator.com,3,3,hn.algolia.com,3,1,chatgpt.com,1,1,DuckDuckGo,1,1,,,
2025-06-06,Google,17,13,piebro.github.io,14,12,forums.factorio.com,11,2,github.com,9,4,news.ycombinator.com,6,4,ya.ru,4,1,hn.algolia.com,3,1,chatgpt.com,1,1,DuckDuckGo,1,1,,,
2025-06-07,Google,21,16,piebro.github.io,15,13,forums.factorio.com,12,3,github.com,11,5,news.ycombinator.com,6,4,ya.ru,4,1,hn.algolia.com,3,1,chatgpt.com,1,1,DuckDuckGo,1,1,,,
2025-06-08,Google,22,17,piebro.github.io,15,13,forums.factorio.com,12,3,github.com,9,4,news.ycombinator.com,6,4,ya.ru,4,1,hn.algolia.com,3,1,chatgpt.com,1,1,DuckDuckGo,1,1,,,
2025-06-09,Google,20,17,piebro.github.io,14,12,forums.factorio.com,11,3,github.com,9,4,news.ycombinator.com,6,4,ya.ru,4,1,hn.algolia.com,3,1,chatgpt.com,1,1,DuckDuckGo,1,1,,,
2025-06-10,Google,20,17,forums.factorio.com,14,5,piebro.github.io,13,11,github.com,9,4,news.ycombinator.com,5,3,hn.algolia.com,3,1,chatgpt.com,1,1,DuckDuckGo,1,1,news.hada.io,1,1,,,
2025-06-11,Google,19,16,forums.factorio.com,13,5,piebro.github.io,11,9,github.com,9,4,news.ycombinator.com,4,2,hn.algolia.com,3,1,tympanus.net,1,1,chatgpt.com,1,1,reddit.com,1,1,DuckDuckGo,1,1
2025-06-12,Google,19,16,forums.factorio.com,13,5,piebro.github.io,11,9,github.com,9,4,news.ycombinator.com,4,2,hn.algolia.com,3,1,tympanus.net,1,1,chatgpt.com,1,1,reddit.com,1,1,DuckDuckGo,1,1
2025-06-13,Google,19,16,forums.factorio.com,13,5,piebro.github.io,10,8,github.com,9,4,news.ycombinator.com,5,2,tympanus.net,1,1,chatgpt.com,1,1,Bing,1,1,reddit.com,1,1,DuckDuckGo,1,1
2025-06-14,Google,18,15,forums.factorio.com,12,5,piebro.github.io,10,8,github.com,8,3,news.ycombinator.com,5,2,tympanus.net,1,1,chatgpt.com,1,1,Bing,1,1,reddit.com,1,1,search.naver.com,1,1
2025-06-15,Google,17,14,forums.factorio.com,11,5,piebro.github.io,5,5,news.ycombinator.com,5,2,github.com,3,2,tympanus.net,1,1,news.hada.io,1,1,Bing,1,1,reddit.com,1,1,search.naver.com,1,1
2025-06-16,Google,14,11,forums.factorio.com,11,5,piebro.github.io,7,7,news.ycombinator.com,6,3,github.com,3,2,news.hada.io,1,1,Bing,1,1,reddit.com,1,1,search.naver.com,1,1,DuckDuckGo,1,1
2025-06-17,Google,19,15,forums.factorio.com,9,5,piebro.github.io,7,7,news.ycombinator.com,6,3,github.com,3,2,news.hada.io,2,2,Bing,1,1,reddit.com,1,1,search.naver.com,1,1,tympanus.net,1,1
2025-06-18,Google,17,14,forums.factorio.com,9,5,piebro.github.io,7,7,news.ycombinator.com,7,3,github.com,3,2,news.hada.io,2,2,uwl.me,2,1,search.naver.com,1,1,Bing,1,1,tympanus.net,1,1
2025-06-19,Google,16,14,forums.factorio.com,8,5,piebro.github.io,6,6,news.ycombinator.com,4,2,github.com,3,2,news.hada.io,2,2,uwl.me,2,1,reddit.com,1,1,search.naver.com,1,1,Bing,1,1
2025-06-20,Google,13,12,forums.factorio.com,7,4,piebro.github.io,5,5,news.ycombinator.com,4,2,youtube.com,3,2,news.hada.io,2,2,uwl.me,2,1,tympanus.net,1,1,newsblur.com,1,1,github.com,1,1
2025-06-21,Google,15,12,forums.factorio.com,8,4,piebro.github.io,6,5,youtube.com,4,2,news.ycombinator.com,4,2,news.hada.io,2,2,uwl.me,2,1,newsblur.com,2,1,yandex.ru,1,1,chatgpt.com,1,1
2025-06-22,Google,15,12,forums.factorio.com,8,4,piebro.github.io,6,5,youtube.com,4,2,news.ycombinator.com,4,2,news.hada.io,2,2,uwl.me,2,1,newsblur.com,2,1,yandex.ru,1,1,chatgpt.com,1,1
2025-06-23,Google,15,12,piebro.github.io,6,5,forums.factorio.com,5,2,news.ycombinator.com,4,2,youtube.com,4,2,github.com,3,3,uwl.me,2,1,newsblur.com,2,1,yandex.ru,1,1,news.hada.io,1,1
2025-06-24,Google,16,13,github.com,6,4,forums.factorio.com,6,2,piebro.github.io,5,4,news.ycombinator.com,4,2,youtube.com,4,2,newsblur.com,2,1,uwl.me,2,1,chatgpt.com,1,1,Bing,1,1
2025-06-25,Google,17,14,forums.factorio.com,8,4,github.com,6,4,piebro.github.io,5,4,news.ycombinator.com,4,2,youtube.com,4,2,newsblur.com,2,1,uwl.me,2,1,chatgpt.com,1,1,Bing,1,1
2025-06-26,Google,16,13,forums.factorio.com,8,4,piebro.github.io,6,5,github.com,5,3,youtube.com,4,2,newsblur.com,2,1,uwl.me,2,1,news.ycombinator.com,2,1,news.hada.io,1,1,search.naver.com,1,1
2025-06-27,Google,17,14,forums.factorio.com,8,4,piebro.github.io,6,5,github.com,6,4,youtube.com,4,2,chatgpt.com,2,2,newsblur.com,2,1,uwl.me,2,1,news.ycombinator.com,2,1,yandex.ru,1,1
2025-06-28,Google,18,15,forums.factorio.com,13,5,github.com,8,5,piebro.github.io,6,5,youtube.com,4,2,chatgpt.com,2,2,newsblur.com,2,1,uwl.me,2,1,news.ycombinator.com,2,1,news.hada.io,1,1
2025-06-29,Google,21,18,forums.factorio.com,15,6,piebro.github.io,12,5,github.com,8,5,youtube.com,4,2,chatgpt.com,2,2,newsblur.com,2,1,uwl.me,2,1,huggingface.co,1,1,news.hada.io,1,1
2025-06-30,Google,17,16,piebro.github.io,12,6,forums.factorio.com,12,5,github.com,8,5,youtube.com,4,2,chatgpt.com,2,2,newsblur.com,2,1,uwl.me,2,1,huggingface.co,1,1,DuckDuckGo,1,1
2025-07-01,Google,16,15,forums.factorio.com,13,5,piebro.github.io,12,6,github.com,8,5,youtube.com,4,2,chatgpt.com,2,2,newsblur.com,2,1,huggingface.co,1,1,DuckDuckGo,1,1,yandex.ru,1,1
2025-07-02,Google,15,14,forums.factorio.com,13,5,piebro.github.io,12,6,github.com,8,5,youtube.com,3,2,chatgpt.com,2,2,newsblur.com,2,1,huggingface.co,1,1,libhunt.com,1,1,DuckDuckGo,1,1
2025-07-03,Google,15,14,forums.factorio.com,14,5,piebro.github.io,12,6,github.com,8,5,chatgpt.com,2,2,yandex.ru,1,1,newsblur.com,1,1,go.bsky.app,1,1,youtube.com,1,1,libhunt.com,1,1
2025-07-04,forums.factorio.com,14,5,Google,13,13,piebro.github.io,13,7,github.com,8,5,libhunt.com,1,1,chatgpt.com,1,1,huggingface.co,1,1,DuckDuckGo,1,1,go.bsky.app,1,1,,,
2025-07-05,forums.factorio.com,15,5,Google,14,14,piebro.github.io,14,8,github.com,8,5,libhunt.com,1,1,chatgpt.com,1,1,huggingface.co,1,1,DuckDuckGo,1,1,go.bsky.app,1,1,,,
2025-07-06,forums.factorio.com,16,5,Google,14,14,piebro.github.io,14,8,github.com,6,3,libhunt.com,1,1,chatgpt.com,1,1,huggingface.co,1,1,DuckDuckGo,1,1,go.bsky.app,1,1,,,
2025-07-07,forums.factorio.com,18,6,piebro.github.io,14,8,Google,13,13,github.com,3,2,libhunt.com,1,1,chatgpt.com,1,1,huggingface.co,1,1,DuckDuckGo,1,1,go.bsky.app,1,1,,,
2025-07-08,forums.factorio.com,18,5,piebro.github.io,17,10,Google,16,14,github.com,5,3,DuckDuckGo,1,1,yandex.ru,1,1,go.bsky.app,1,1,chatgpt.com,1,1,libhunt.com,1,1,huggingface.co,1,1
2025-07-09,forums.factorio.com,20,6,piebro.github.io,17,10,Google,16,14,github.com,8,4,huggingface.co,1,1,DuckDuckGo,1,1,news.ycombinator.com,1,1,yandex.ru,1,1,perplexity.ai,1,1,go.bsky.app,1,1
2025-07-10,forums.factorio.com,46,7,Google,26,14,piebro.github.io,18,11,github.com,11,7,tom-doerr.github.io,2,1,yandex.ru,1,1,perplexity.ai,1,1,go.bsky.app,1,1,libhunt.com,1,1,huggingface.co,1,1
2025-07-11,forums.factorio.com,42,7,Google,25,13,piebro.github.io,18,11,github.com,10,6,tom-doerr.github.io,2,1,yandex.ru,1,1,libhunt.com,1,1,DuckDuckGo,1,1,news.ycombinator.com,1,1,perplexity.ai,1,1
2025-07-12,forums.factorio.com,42,7,Google,25,12,piebro.github.io,11,10,github.com,10,6,tom-doerr.github.io,2,1,yandex.ru,1,1,libhunt.com,1,1,news.ycombinator.com,1,1,perplexity.ai,1,1,,,
2025-07-13,forums.factorio.com,44,7,Google,27,14,piebro.github.io,10,9,github.com,10,6,tom-doerr.github.io,2,1,yandex.ru,1,1,libhunt.com,1,1,news.ycombinator.com,1,1,perplexity.ai,1,1,,,
2025-07-14,forums.factorio.com,43,7,Google,28,15,piebro.github.io,11,10,github.com,10,6,tom-doerr.github.io,2,1,yandex.ru,1,1,libhunt.com,1,1,news.ycombinator.com,1,1,perplexity.ai,1,1,,,
2025-07-15,forums.factorio.com,43,7,Google,30,17,piebro.github.io,12,11,github.com,10,6,tom-doerr.github.io,2,1,yandex.ru,1,1,news.ycombinator.com,1,1,perplexity.ai,1,1,,,,,,
2025-07-16,forums.factorio.com,45,8,Google,30,17,piebro.github.io,12,11,github.com,10,6,tom-doerr.github.io,2,1,yandex.ru,1,1,reddit.com,1,1,news.ycombinator.com,1,1,perplexity.ai,1,1,,,
2025-07-17,forums.factorio.com,46,8,Google,30,17,piebro.github.io,10,9,github.com,10,6,tom-doerr.github.io,2,1,yandex.ru,1,1,reddit.com,1,1,DuckDuckGo,1,1,news.ycombinator.com,1,1,perplexity.ai,1,1
2025-07-18,forums.factorio.com,47,9,Google,29,16,github.com,10,6,piebro.github.io,9,8,tom-doerr.github.io,2,1,yandex.ru,1,1,reddit.com,1,1,DuckDuckGo,1,1,news.ycombinator.com,1,1,perplexity.ai,1,1
2025-07-19,forums.factorio.com,47,10,Google,31,18,piebro.github.io,10,9,github.com,10,6,news.ycombinator.com,3,3,tom-doerr.github.io,2,1,yandex.ru,1,1,reddit.com,1,1,DuckDuckGo,1,1,perplexity.ai,1,1
2025-07-20,forums.factorio.com,48,10,Google,32,19,piebro.github.io,11,10,github.com,10,6,news.ycombinator.com,3,3,tom-doerr.github.io,2,1,yandex.ru,1,1,reddit.com,1,1,DuckDuckGo,1,1,perplexity.ai,1,1
2025-07-21,forums.factorio.com,46,9,Google,30,19,github.com,8,5,piebro.github.io,7,7,news.ycombinator.com,3,3,tom-doerr.github.io,2,1,reddit.com,1,1,DuckDuckGo,1,1,perplexity.ai,1,1,,,
2025-07-22,forums.factorio.com,46,8,Google,29,18,piebro.github.io,7,7,github.com,5,4,news.ycombinator.com,2,2,tom-doerr.github.io,1,1,reddit.com,1,1,DuckDuckGo,1,1,,,,,,
2025-07-23,forums.factorio.com,20,7,Google,18,17,piebro.github.io,7,7,news.ycombinator.com,2,2,github.com,1,1,reddit.com,1,1,DuckDuckGo,1,1,,,,,,,,,
2025-07-24,forums.factorio.com,20,6,Google,18,17,piebro.github.io,7,7,news.ycombinator.com,2,2,reddit.com,1,1,DuckDuckGo,1,1,,,,,,,,,,,,
2025-07-25,Google,20,19,forums.factorio.com,19,6,piebro.github.io,6,6,news.ycombinator.com,2,2,reddit.com,1,1,DuckDuckGo,1,1,,,,,,,,,,,,
2025-07-26,forums.factorio.com,19,8,Google,18,17,piebro.github.io,8,8,news.ycombinator.com,2,2,github.com,1,1,reddit.com,1,1,DuckDuckGo,1,1,,,,,,,,,
2025-07-27,forums.factorio.com,19,8,Google,18,17,piebro.github.io,8,8,github.com,3,3,news.ycombinator.com,2,2,reddit.com,1,1,DuckDuckGo,1,1,,,,,,,,,
2025-07-28,forums.factorio.com,18,8,Google,16,15,piebro.github.io,7,7,github.com,3,3,news.ycombinator.com,2,2,reddit.com,1,1,DuckDuckGo,1,1,,,,,,,,,
2025-07-29,Google,17,16,forums.factorio.com,16,7,piebro.github.io,9,9,github.com,3,3,news.ycombinator.com,2,2,DuckDuckGo,1,1,,,,,,,,,,,,
2025-07-30,Google,19,18,forums.factorio.com,16,8,piebro.github.io,10,10,news.ycombinator.com,7,4,github.com,6,4,huggingface.co,3,1,,,,,,,,,,,,
2025-07-31,Google,19,18,forums.factorio.com,14,7,piebro.github.io,10,10,news.ycombinator.com,7,4,github.com,6,4,huggingface.co,3,1,,,,,,,,,,,,
2025-08-01,Google,19,18,forums.factorio.com,13,6,piebro.github.io,9,9,github.com,6,4,news.ycombinator.com,5,2,huggingface.co,3,1,,,,,,,,,,,,
2025-08-02,Google,22,19,forums.factorio.com,10,6,piebro.github.io,9,9,github.com,6,4,news.ycombinator.com,5,2,huggingface.co,3,1,hn.algolia.com,1,1,,,,,,,,,
2025-08-03,Google,19,16,forums.factorio.com,10,6,piebro.github.io,9,9,github.com,6,4,news.ycombinator.com,5,2,huggingface.co,3,1,hn.algolia.com,1,1,,,,,,,,,
2025-08-04,Google,20,17,forums.factorio.com,9,6,github.com,9,5,piebro.github.io,8,8,news.ycombinator.com,5,2,huggingface.co,3,1,hn.algolia.com,1,1,,,,,,,,,
2025-08-05,Google,20,17,forums.factorio.com,10,7,github.com,9,5,piebro.github.io,7,7,news.ycombinator.com,5,2,huggingface.co,3,1,yandex.ru,1,1,hn.algolia.com,1,1,news.hada.io,1,1,,,
2025-08-06,Google,21,18,forums.factorio.com,11,9,github.com,9,5,piebro.github.io,7,7,news.ycombinator.com,6,3,huggingface.co,3,1,yandex.ru,1,1,hn.algolia.com,1,1,news.hada.io,1,1,,,
